Time,Symbol,Side,Quantity,Price
2025-05-14 13:54:05.979342,BTCUSDT,BUY,1,103691.99
2025-05-14 14:24:55.320192,KMNOUSDT,SELL,100,0.07308
2025-05-14 14:25:33.097949,KMNOUSDT,SELL,100,0.07306
2025-05-14 14:26:31.266546,KMNOUSDT,SELL,100,0.07326
2025-05-14 14:28:08.446538,KMNOUSDT,SELL,100,0.07335
2025-05-14 14:29:02.613040,STOUSDT,SELL,100,0.1262
2025-05-14 14:30:31.769836,STOUSDT,SELL,100,0.1254
2025-05-14 14:34:52.412184,NEOUSDT,SELL,1,7.07
2025-05-14 14:35:57.379645,TRUMPUSDT,SELL,1,13.09
2025-05-14 14:37:46.082919,BTCUSDT,SELL,0.01,102975.3
2025-05-14 14:44:41.780622,BTCUSDT,SELL,0.01,103125.19
2025-05-14 14:47:04.671033,BMTUSDT,SELL,100,0.1049
2025-05-14 14:47:30.267848,BMTUSDT,SELL,100,0.1049
